{
    "accuracy": 66.44999694824219,
    "epoch": 9,
    "overall_class_frequency": {
        "class_0": 500,
        "class_1": 268
    },
    "image_class_frequency": {
        "class_0": 5923,
        "class_1": 6742,
        "class_2": 5958,
        "class_3": 6131,
        "class_4": 5842,
        "class_5": 5421,
        "class_6": 5918,
        "class_7": 6265,
        "class_8": 5851,
        "class_9": 5949
    },
    "class_frequency": {
        "cv_fold_1": {
            "class_0": 407,
            "class_1": 208
        },
        "cv_fold_2": {
            "class_0": 392,
            "class_1": 223
        },
        "cv_fold_3": {
            "class_0": 402,
            "class_1": 213
        },
        "cv_fold_4": {
            "class_0": 399,
            "class_1": 216
        },
        "cv_fold_5": {
            "class_0": 401,
            "class_1": 212
        }
    },
    "fold_accuracies": {
        "fold_1": 62.75,
        "fold_2": 70.58999633789062,
        "fold_3": 64.05000305175781,
        "fold_4": 49.02000045776367,
        "fold_5": 63.869998931884766
    }
}