{
    "accuracy": 67.75,
    "epoch": 38,
    "overall_class_frequency": {
        "class_0": 500,
        "class_1": 268
    },
    "image_class_frequency": {
        "class_0": 5923,
        "class_1": 6742,
        "class_2": 5958,
        "class_3": 6131,
        "class_4": 5842,
        "class_5": 5421,
        "class_6": 5918,
        "class_7": 6265,
        "class_8": 5851,
        "class_9": 5949
    },
    "class_frequency": {
        "cv_fold_1": {
            "class_0": 405,
            "class_1": 210
        },
        "cv_fold_2": {
            "class_0": 403,
            "class_1": 212
        },
        "cv_fold_3": {
            "class_0": 397,
            "class_1": 218
        },
        "cv_fold_4": {
            "class_0": 394,
            "class_1": 221
        },
        "cv_fold_5": {
            "class_0": 402,
            "class_1": 211
        }
    },
    "fold_accuracies": {
        "fold_1": 59.47999954223633,
        "fold_2": 67.97000122070312,
        "fold_3": 69.27999877929688,
        "fold_4": 66.66999816894531,
        "fold_5": 60.0
    }
}