{
    "accuracy": 67.75,
    "epoch": 38,
    "overall_class_frequency": {
        "class_0": 500,
        "class_1": 268
    },
    "image_class_frequency": {
        "class_0": 5923,
        "class_1": 6742,
        "class_2": 5958,
        "class_3": 6131,
        "class_4": 5842,
        "class_5": 5421,
        "class_6": 5918,
        "class_7": 6265,
        "class_8": 5851,
        "class_9": 5949
    },
    "class_frequency": {
        "cv_fold_1": {
            "class_0": 402,
            "class_1": 213
        },
        "cv_fold_2": {
            "class_0": 394,
            "class_1": 221
        },
        "cv_fold_3": {
            "class_0": 414,
            "class_1": 201
        },
        "cv_fold_4": {
            "class_0": 399,
            "class_1": 216
        },
        "cv_fold_5": {
            "class_0": 392,
            "class_1": 221
        }
    },
    "fold_accuracies": {
        "fold_1": 62.09000015258789,
        "fold_2": 67.31999969482422,
        "fold_3": 56.209999084472656,
        "fold_4": 62.75,
        "fold_5": 63.869998931884766
    }
}